,language,low,elevation
aari1239,Aari,2,1513
abar1238,Mungbam,1,777
abid1235,Abidji,2,96
abua1244,Abua,1,10
abur1243,Abure,2,4
ache1245,Acheron,2,927
acol1236,Acoli,1,867
adam1253,Adamawa Fulfulde,4,370
adio1239,Adioukrou,1,68
afar1241,Afar,3,323
afit1238,Afitti,1,568
afri1274,Afrikaans,2,581
aghe1239,Aghem,4,1047
ahan1243,Ahanta,2,37
ahan1244,Àhàn,2,302
ajas1235,Aja (Sudan),4,609
akan1250,Akan,6,166
akas1242,Akaselem,5,319
akoo1248,Akoose,2,859
akpe1248,Akpes,2,294
alab1254,Alaba-K'abeena,2,2073
alla1248,Alladian,2,14
ambo1250,Ambonese Malay,1,176
anfi1235,Anfillo,2,1472
ango1258,Angolar,2,104
anii1245,Anii,1,395
anuf1239,Anufo,2,137
anyi1244,Anyin Morofo,2,79
anyi1245,Anyin,6,181
arbo1245,Arbore,2,504
argo1244,Argobba,2,2752
arin1244,Aringa,1,870
ashe1269,Ashe,1,667
atti1239,Attié,2,72
avat1244,Avatime,2,171
avik1243,Avikam,1,11
awng1244,Awngi,1,2024
ayer1245,Ayere,2,396
bade1248,Bade,6,341
bady1239,Jaad-Badyara,3,62
bafa1249,Bafanji,6,1171
bafi1243,Bafia,5,577
bagi1246,Bagirmi,2,302
baka1272,Baka (Cameroon),1,548
baka1273,Bakaka,6,517
baka1274,Baka (Sudan),4,885
bala1302,Balanta-Ganja,2,21
bali1278,Balinese,1,1283
bamb1262,Bambassi,2,1454
bamb1269,Bambara,4,386
band1353,Banda Malay,1,260
bank1256,Bankon,1,84
bare1279,Barain,8,395
bass1260,Bassossi,2,325
bata1293,Batak Karo,1,7
bela1255,Belanda Viri,1,501
bela1256,Belanda Bor,1,514
bela1260,Lemeting,1,18
bena1262,Bena (Tanzania),2,1738
benc1235,Bench,2,2236
biak1248,Biak,1,187
bidy1244,Kangaki-Kagbaaga-Kajoko Bidyogo,1,15
bila1255,Bila,1,788
bili1260,Bilin,3,1678
bomi1238,Bomitaba,2,316
bora1271,Borana-Arsi-Guji Oromo,2,733
boun1243,Bouna Kulango,2,251
buam1238,Buamu,2,319
budu1250,Budu,1,778
bugi1244,Buginese,1,62
buli1254,Buli (Ghana),2,204
bumm1238,Bum,1,1322
buol1237,Buol,1,134
burj1242,Burji,2,1406
buru1301,Burun,2,575
busa1253,Busa,2,243
buwa1243,Buwal,1,600
came1252,Donga Mambila,2,781
ceba1235,Cebaara Senoufo,8,390
cebu1242,Cebuano,1,372
cent2087,Coastal-Naga Bikol,1,182
cent2194,Central Moroccan Berber,3,1354
cher1271,Cherepon,2,201
chon1287,Chonyi-Dzihana-Kauma,1,65
dagi1241,Dagik,1,454
dann1241,Dan,12,324
defa1248,Defaka,3,6
dege1246,Degema,1,1
dghw1239,Dghwede,1,606
dibo1245,Dibole,1,321
didi1258,Didinga,2,1818
digo1243,Digo,1,19
dime1235,Dime,2,1906
diri1252,Diriku,1,1093
domp1238,Dompo,1,228
duru1249,Duruma,1,221
dzuu1241,Dzùùngoo,4,376
east2440,East Makian,1,308
east2563,Eastern Cham,1,24
east2652,Eastern Oromo,2,1408
ejag1239,Ejagham,1,220
eloy1241,Eloyi,1,126
eten1239,Eten,1,1256
eton1253,Eton-Mengisa,2,516
fali1285,Fali,1,776
fang1248,Fang (Cameroon),1,749
fern1234,Pichi,1,66
fipa1238,Fipa,2,1821
food1238,Foodo,2,375
fuli1240,Fuliiru,2,1629
gaaa1245,Gaa,1,545
gaam1241,Gaam,2,898
gagu1242,Gban,2,166
gamo1243,Gamo,2,1077
gava1241,Gavar,1,622
gbay1281,Gbaya-Mbodomo,1,697
gbes1238,Gbesi Gbe,2,62
ghom1247,Ghomálá',4,1552
giky1238,Gikyode,2,257
giny1241,Ginyanga,2,306
giry1241,Giryama,4,122
glav1244,Glavda,2,410
gude1246,Gude,2,874
guin1254,Guinea Kpelle,2,446
gumu1244,Northern Gumuz,2,837
guro1248,Guro,4,276
gwan1268,Gwandara,14,748
gwen1239,Gweno,1,1062
hadi1240,Hadiyya,2,2166
haio1238,Hai//om,2,1418
hang1260,Hangaza,2,1353
hara1271,Harari,2,1841
hdii1240,Hdi,1,588
heib1243,Ebang,1,835
here1253,Herero,1,1144
hili1240,Hiligaynon,1,74
holo1240,Holoholo,1,798
huaa1248,East Taa,6,1127
huba1236,Huba,1,541
idom1241,Idoma,3,236
igoo1238,Igo,1,722
ikwe1242,Ikwere,2,24
ilok1237,Iloko,1,287
indo1316,Indonesian,1,556
inor1238,Inor,3,2043
irig1241,Irigwe,2,1082
iyiv1238,Iyive,1,380
izer1241,Izere,1,1041
jams1239,Jamsay Dogon,3,280
java1254,Javanese,1,112
jere1244,Jere,2,876
jita1239,Jita,2,1286
jola1262,Jola-Esulalu,2,18
jowu1238,Jowulu,3,512
jumj1238,Jumjum,2,487
kabu1256,Kabuverdianu,1,467
kagf1238,Ut-Main,2,323
kagu1239,Kagulu,1,1176
kahe1238,Kahe,2,707
kaka1265,Kakabe,2,996
kako1242,Kako,2,594
kamb1297,Kamba (Kenya),2,971
kamb1299,Kambera,2,325
kamb1316,Kambaata,2,2120
kamw1239,Kamwe,1,576
kang1288,Kanga,4,473
kara1483,Karamojong,6,1142
kare1338,Kare (Central African Republic),4,997
katc1249,Katcha-Kadugli-Miri,6,473
keig1242,Keiga,2,511
kele1255,Kele-Foma,1,424
keli1248,Keliko,1,1167
kete1252,Kete,1,889
kgal1244,Kgalagadi,1,1046
kima1244,Kimaragang,1,258
kips1239,Kipsigis,4,1984
kisa1263,Kisa,2,1434
kist1241,Kistane,1,2644
kitu1246,Kituba (Democratic Republic of Congo),1,342
koal1240,Koalib-Rere,4,732
kofy1242,Pan,2,242
komo1258,Komo (Sudan),1,767
konk1269,Konkomba,3,149
koor1239,Koorete,2,2321
kosh1246,Koshin,2,812
kota1272,Kotafon Gbe,2,60
koya1253,Koyaga,2,365
koyr1240,Koyra Chiini Songhay,2,264
koyr1242,Koyraboro Senni Songhai,3,261
krac1238,Krache,2,132
krim1238,Krim,2,16
krio1253,Krio,1,11
kron1241,Krongo,2,453
kuan1247,Kuanyama,1,1128
kung1261,North-Central Ju,6,1653
kuny1238,Kunyi,1,159
kuoo1238,Kuo,4,568
kupa1239,Kupang Malay,1,369
kura1250,Kuranko,4,474
kuwa1246,Kuwaataay,2,5
kwam1249,Kwama,1,1286
kwam1250,Kwami,2,708
kwam1251,Kwambi,1,1091
kwan1273,Kwangali,1,1124
kwan1276,Kwanja,2,1014
kway1241,Kwaya,2,1152
kwes1244,Kwese,1,795
kyen1242,Kyenga,2,203
lagw1237,Lagwan,1,300
lama1288,Lamang,1,1015
lang1322,Lango (Sudan),1,776
lang1324,Lango (Uganda),4,1052
lara1260,Larantuka Malay,1,757
lega1249,Lega-Shabunda,2,633
legb1242,Legbo,2,29
lele1266,Lele (Guinea),1,925
lele1276,Lele (Chad),2,399
leng1258,Lengola,1,468
lese1243,Lese,1,973
leti1246,Leti (Indonesia),2,252
libe1240,Kru Pidgin English,2,42
lika1243,Liko,1,763
limb1268,Limbum,6,1057
logb1245,Logba,1,157
logo1259,Logo,1,901
loma1260,Loma (Liberia),4,474
long1387,Longto,1,441
lumu1239,Lumun,2,728
luwo1239,Luwo,1,496
maay1238,Maay,2,496
maba1273,Mabaan,2,428
mach1266,Machame,2,1072
mada1282,Mada (Nigeria),2,470
maka1311,Makasar,1,0
mala1481,Manado Malay,1,41
mamb1296,Mambwe-Lungu,2,1249
mamp1244,Mampruli,2,152
mann1248,Mann,2,244
many1261,Manya,1,568
masa1299,Masaaba,3,1666
matu1259,Matumbi,1,257
mawa1270,Mawa (Chad),1,544
mayo1261,Mayogo,1,760
mbal1255,Mbalanhu,1,1310
mbay1241,Mbay,3,460
mbee1249,Mbe,1,124
mbee1250,Mbe',1,754
mboc1235,Mbo (Cameroon),3,835
mbuk1240,Mbukushu,1,1010
mbuk1243,Mbuko,1,480
mbuu1238,Ajumbu,1,771
meen1242,Me'en,2,1009
mere1246,Merey,1,787
meru1245,Meru,2,1254
mesq1240,Mesqan,1,2134
mfum1238,Southern Mfumte,1,662
mina1268,Minangkabau,1,10
mmaa1238,Mmaala,1,484
moch1256,Mochi,1,892
mofu1248,Mofu-Gudur,2,730
moke1242,Moken,2,0
mokl1243,Moklen,2,17
mokp1239,Mokpwe,1,2301
molo1266,Moloko,2,454
mong1338,Mongo,1,381
mono1269,Mono (Cameroon),4,233
mori1268,Mori Bawah,1,541
mori1278,Morisyen,3,464
moro1284,Morokodo,1,574
moru1253,Moru,1,651
mpad1242,Mpade,1,290
mund1325,Mundang,4,390
mund1328,Mundabli,2,730
muya1243,Muyang,1,410
mwal1237,Mwali Comorian,1,257
mwan1247,Mwani,1,18
myen1241,Myene,1,26
nari1240,Narim,1,578
nate1242,Nateni,4,454
nawu1242,Nawuri,1,120
ncan1245,Ncane,3,960
ndai1238,Ndai,4,636
ndal1241,Ndali,2,1134
ndam1239,Ndamba,1,280
ndog1248,Ndogo,1,460
ndon1254,Ndonga,4,1095
ndzw1235,Ndzwani Comorian,2,547
ngan1300,Ngandyera,1,1079
ngas1238,Ngasa,1,1807
ngaz1238,Ngazidja Comorian,1,475
ngie1241,Ngiemboon,1,1797
ngit1239,Ngiti,1,1617
ngom1272,Ngomba,1,1454
ngwe1238,Ngwe,2,992
nias1242,Nias,1,0
niel1243,Niellim,4,358
nige1253,Hausa States Fulfulde,4,363
njeb1242,Njebi,1,728
njye1238,Njyem,2,595
nkon1248,Nkonya,2,95
nort2795,Zimbabwean Ndebele,1,1179
nort2819,Northern Bobo Madaré,2,467
nort2828,North Moluccan Malay,1,79
nort3047,North Giziga,1,488
ntch1242,Ntcham,4,243
ntom1248,Ntomba,1,292
nucl1440,Masalit,1,815
nucl1460,Madurese,1,108
nucl1683,Daba,1,813
nucl1696,Tangale,2,565
nuer1246,Nuer,6,409
nugu1242,Nugunu (Cameroon),1,481
nyam1277,Nyambo,2,1513
nyam1285,Nyam,2,244
nyol1238,Nyole,2,1066
nzim1238,Nzima,2,19
olub1238,Olu'bo,1,721
opuu1239,T'apo,1,419
orma1241,Orma,2,141
otor1240,Otoro,1,752
otuh1238,Otuho,2,809
palo1243,Palor,3,100
pamp1243,Pampanga,1,29
pang1287,Pangwa,2,1313
pang1290,Pangasinan,1,15
pero1241,Pero,2,319
piny1238,Pinyin,2,1841
poko1263,Pökoot,3,1866
prin1242,Principense,1,469
reel1238,Reel,6,431
reun1238,Réunion Creole French,2,1722
rong1268,Ronga,1,69
saam1283,Saamia,2,1194
sand1273,Sandawe,3,1208
saot1239,Sãotomense,2,1073
saxw1241,Saxwe Gbe,2,76
saya1246,Saya,2,596
seba1251,Sebat Bet Gurage,3,2272
sekp1241,Sekpele,1,301
sele1249,Selee,2,364
shan1282,Shanga,2,156
sher1258,Sherbro,1,13
shil1265,Shilluk,4,399
shwa1239,Shwai,1,721
siam1242,Siamou,2,542
silt1240,Silt'e,1,2047
siwi1239,Siwi,5,-7
siwu1238,Siwu,3,234
soni1259,Soninke,3,157
sooo1256,Soo,1,1901
sout2790,Southern Birifor,3,218
sout2795,Southern Nuni,2,327
sout2828,Southern Ma'di,1,659
sout2833,South Central Dinka,6,432
sout2918,Southern Sama,1,21
suba1252,Suba-Simbiti,2,1294
suga1248,Nizaa,3,1263
suku1261,Sukuma,2,1166
sumb1240,Sumbwa,2,1204
tach1250,Tachelhit,3,904
tada1238,Tadaksahak,4,313
taga1270,Tagalog,1,93
teee1242,Tee,2,25
teng1272,Tengger,4,1226
tese1238,Tese,2,618
tetu1245,Tetum,1,317
tiag1235,Tiagbamrin Aizi,1,17
tiey1235,Tiéyaxo Bozo,2,275
tigo1236,Tigon Mbembe,2,255
tigr1271,Tigrinya,3,2332
tira1254,Tira,1,638
tivv1240,Tiv,1,208
toch1257,Tocho,1,661
tong1318,Tonga (Zambia),1,944
tour1242,Toura (Côte d'Ivoire),2,546
tsam1247,Tsamai,6,741
tsot1241,Tsotso,2,1459
tsuv1239,Tsuvadi,4,257
tuki1240,Tuki,2,581
tuli1249,Tulishi,2,623
tumt1243,Tumtum,2,487
tune1261,Tunen,1,708
tuni1251,Tunia,2,364
tupu1244,Tupuri,4,353
uduk1239,Uduk,1,862
umbu1257,Umbundu,2,1239
uppe1455,Upper Guinea Crioulo,1,44
vame1236,Vame,1,412
wand1278,Wandala,2,339
wawa1246,Wawa,2,1214
wehh1238,Weh,1,1065
west2456,Western Xwla Gbe,2,5
west2458,West Central Banda,1,637
wola1242,Wolaytta,2,1324
wong1247,Wongo,1,483
wuzl1236,Wuzlam,1,535
xamt1239,Xamtanga,1,2165
xhos1239,Xhosa,1,1748
xwel1235,Xwela Gbe,2,32
yala1263,Yala,1,65
yans1239,Yansi,4,355
yaoo1241,Yao,1,1194
yemb1246,Yemba,1,1324
yems1235,Yemsa,2,2227
zagh1240,Beria,1,978
zayy1238,Zay,2,1636
zinz1238,Zinza,2,1338
0,Bana,0,851
1,Kemezung,0,910
