Glottocode,language,continuant,elevation
abau1245,Abau,10,51
achi1257,Achinese,42,12
adam1253,Adamawa Fulfulde,17,370
adan1251,Adang,27,316
aheu1239,Thavung,86,150
akha1245,Akha,20,1109
akla1241,Aklanon,10,140
alya1239,Alyawarr,14,240
aman1265,Amanab,11,412
ambe1247,Ambele,19,429
ambu1247,Ambulas,13,101
anei1239,Aneityum,15,557
anti1245,Antigua and Barbuda Creole English,24,24
anua1242,Anuak,28,432
apur1254,Apurinã,32,138
arag1245,Aragonese,35,657
aran1237,Arandai,9,20
arhu1242,Arhuaco,21,3650
auuu1241,Au,12,356
awac1239,Awa-Cuaiquer,15,453
awar1248,Awara,12,1281
awin1248,Awing,31,1972
awtu1239,Awtuw,11,241
baba1264,Baba,18,1527
baba1266,Babanki,17,1731
bafa1247,Bafaw-Balong,23,98
baga1272,Baga Sitemu,15,3
baga1273,Baga Koga,14,17
bako1249,Bakoko,15,26
bako1250,Bakole,15,31
bamb1265,Bambalang,28,1150
bame1260,Bamenyam,29,1222
bamu1253,Bamun,22,960
bamu1256,Bamunka,19,1171
bang1356,Bangolan,22,1207
bani1255,Baniwa do Icana,22,152
baou1238,Baoulé,12,9
barb1263,Barbareño,38,315
bari1286,Bariai,8,237
baru1269,Baruga,16,63
bata1285,Batanga,13,46
bata1289,Batak Toba,15,948
befa1241,Befang,28,573
beli1260,Belize Kriol English,24,33
bemb1257,Bemba (Zambia),17,1257
berb1259,Berbice Creole Dutch,18,25
bett1235,Betta Kurumba,22,1042
biak1248,Biak,17,187
bili1250,Bilinarra,13,254
bilo1248,Biloxi,13,81
bilu1245,Bilua,30,176
bina1277,Binandere,27,35
binu1245,Binumarien,10,883
blan1242,Blang,23,1229
boik1241,Boikin,16,235
bond1245,Bondo,12,100
bong1285,Bongo,17,504
boro1277,Boro (Ethiopia),13,840
brok1247,Brokskat,23,3231
bubi1249,Bubia,21,166
buku1249,Bukusu,18,1631
bumb1241,Bumbita Arapesh,11,204
cavi1250,Cavineña,11,173
cham1318,Chamicuro,20,129
chec1245,Chechen,25,178
chee1238,Che,39,999
chep1245,Chepang,12,1595
chic1270,Chickasaw,17,266
chim1300,Chimalapa Zoque,14,263
chim1301,Chimariko,18,1740
chim1302,Chimborazo Highland Quichua,17,3888
choc1276,Choctaw,14,137
chol1282,Chol,12,260
chon1284,Chong of Chanthaburi,25,21
chra1242,Chrau,19,182
coeu1236,Coeur d'Alene,25,803
colo1256,Tsafiki,16,440
coma1245,Comanche,10,332
como1259,Comox,19,42
croa1245,Croatian Standard,22,92
crow1244,Crow,16,1014
cupe1243,Cupeño,26,1443
cuvo1236,Cuvok,13,718
czec1258,Czech,25,468
deny1238,Denya,16,133
diml1238,Dimli,32,1667
dobu1241,Dobu,9,32
dupa1235,Dupaninan Agta,11,759
dutc1256,Dutch,29,-3
east2295,Eastern Yiddish,26,187
east2328,Eastern Mari,16,45
east2398,Eastern Karaboro,13,264
east2440,East Makian,28,308
egaa1242,Ega,17,109
eggo1239,Eggon,22,161
ekpe1253,Ekpeye,17,15
elip1238,Elip,13,440
esim1238,Esimbi,18,693
faiw1243,Faiwol,13,1233
fang1246,Fang (Equatorial Guinea),23,625
fili1244,Filipino,17,46
friu1240,Friulian,24,194
furu1242,Furu,20,406
fwee1238,Fwe,34,940
gali1258,Galician,19,1107
gayo1244,Gayo,14,1067
gbar1246,Gbari,15,156
gbay1281,Gbaya-Mbodomo,16,697
gida1247,Gidar,18,394
goli1247,Golin,15,1743
guaj1255,Guajajára,11,308
guan1269,Kotiria,11,143
guja1253,Gujari,32,862
gunw1252,Bininj Kun-Wok,13,72
halk1245,Halkomelem,24,94
hang1263,Hanga Hundi,14,54
haya1250,Haya,18,1435
hoav1238,Hoava,11,254
huam1248,Huamalíes-Dos de Mayo Huánuco Quechua,20,1471
huar1255,Huarijio,19,1203
huas1242,Huastec,19,69
huay1240,Huaylas Ancash Quechua,19,4528
hueh1236,Huehuetla Tepehua,19,331
huic1243,Huichol,16,1170
hung1278,Hungana-Saamba,19,355
hupd1244,Hupdë,15,156
iban1261,Ibani,20,5
ibib1240,Ibibio,17,47
idaa1241,Ida'an,11,64
ilok1237,Iloko,10,287
imon1245,Imonda,15,284
indo1316,Indonesian,18,556
ingu1240,Ingush,26,661
iseb1246,Isebe,16,258
ital1282,Italian,17,530
izer1241,Izere,24,1041
jama1261,Madi,10,96
jama1262,Jamaican Creole English,22,457
jauj1238,Jauja Wanca Quechua,15,4697
jeme1245,Towa,38,1733
jiar1240,Northern Gyalrong,22,4592
jica1244,Jicarilla Apache,31,2401
juan1238,Juang,14,282
kabi1261,Kabiyé,32,191
kaby1243,Kabyle,13,482
kadi1248,Kadiwéu,15,86
kala1381,Kalabari,27,6
kama1367,Kamasau,13,96
kano1245,Kanoê,19,142
kara1476,Karadjeri,10,135
kari1301,Karipúna Creole French,21,66
kari1311,Karitiâna,18,125
kaya1329,Kayabí,15,345
kela1255,Kela (Papua New Guinea),20,27
kens1251,Kenswei Nsei,26,1403
keny1279,Kenyang,27,165
keoo1238,Kéo,13,382
khan1273,Kazym-Berezover-Suryskarer Khanty,21,54
khar1287,Kharia,20,376
kich1262,K'iche',17,1366
kima1246,Kimaama,26,6
kinn1249,Kinnauri,27,4637
kiny1244,Kinyarwanda,25,1611
kiri1254,Kirike,19,22
koas1236,Koasati,13,14
koko1269,Kokota,15,44
konn1242,Konni,28,174
kris1246,I'saka,9,542
kulu1253,Kulung (Nepal),27,1775
kuot1243,Kuot,10,564
kusu1250,Kusunda,12,2429
kute1248,Kutep,23,220
kuvi1243,Kuvi,22,554
kwaz1243,Kwaza,28,176
lada1244,Leh-Kenhat,16,5176
lake1258,Lake Miwok,19,516
lang1320,Langi,31,1236
laoo1244,Lao,20,153
lavu1241,Lavukaleve,12,37
lazz1240,Laz,15,1469
leal1235,Lealao Chinantec,17,1326
liby1240,Libyan Arabic,38,584
liji1238,Lijili,27,138
lisu1250,Lisu,17,383
loni1238,Loniu,13,75
loxi1235,Loxicha Zapotec,21,207
luch1239,Luchazi,22,1061
lund1266,Lunda,20,1225
luya1241,Luyi,10,1030
lyel1241,Lyélé,15,275
mace1250,Macedonian,17,919
mada1293,Mada (Cameroon),22,491
madi1261,Madi (Papua New Guinea),20,67
maib1239,Maybrat-Karon,11,114
mako1251,Makonde,11,55
mall1246,Mal,28,996
malo1243,Tamambo,11,157
mamb1294,Mambai,36,229
mamm1241,Mam,20,1816
mana1288,Manange,17,3673
mana1295,Manam,9,1346
mand1415,Mandarin Chinese,30,88
mand1436,Mandinka,17,45
mani1292,Manipuri,12,312
mara1385,Marra,12,10
marw1260,Marwari (India),19,364
matb1237,Matbat,11,158
mats1244,Matsés,11,151
maza1291,Mazanderani,18,1715
medu1238,Medumba,15,1311
mesc1238,Mescalero-Chiricahua Apache,26,2442
mewa1250,Mewati,27,210
mich1243,Michif,27,534
mich1245,Michoacán Nahuatl,12,148
ming1252,Mingrelian,16,109
mmen1238,Mmen,19,925
moco1246,Mocoví,20,64
moke1242,Moken,15,0
mola1238,Molale,15,161
mono1270,Mono (Democratic Republic of Congo),20,413
mose1249,Mosetén-Chimané,20,385
motl1237,Mwotlap,14,31
mpon1254,Mpongmpong,14,594
mufi1238,Mufian,10,173
muna1247,Muna,13,76
mund1330,Mundurukú,26,108
mung1266,Mungaka,17,1374
naga1394,Naga Pidgin,28,1361
naki1238,Naki,19,738
nami1256,Namia,10,63
nand1266,Nandi,15,2146
nang1259,Nangikurrunggurr,17,113
nank1250,Nankina,9,1140
ndem1249,Ndemli,26,115
nepa1253,Nepali Kurux,14,77
ngad1261,Ngad'a,14,1186
ngal1293,Ngalakgan,15,123
ngem1255,Ngemba,20,1220
ngom1271,Ngombale,33,1708
ngos1238,Ngoshie,13,1254
nige1257,Nigerian Pidgin,17,278
ning1273,Ningil,13,418
nisg1240,Nisga'a,22,22
nort2626,Northern Frisian,31,0
nort2627,Eastern Low German,26,67
nort2684,Northern Khmer,25,220
nort2845,North Marquesan,16,333
nort2943,North Alaskan Inupiatun,17,0
nort2954,Northern Paiute,14,1165
nort2966,Northern Pomo,16,360
nort2984,Northern Pame,25,1375
nubi1253,Nubi,20,1134
nucl1290,Zhenkang Wa,31,1729
nucl1634,Skou,13,36
nucl1695,Bole,18,450
nuer1246,Nuer,33,409
nuuc1236,Nuu-chah-nulth,23,614
nyam1276,Nyamwezi,24,1272
nyan1307,Nyankole,16,1431
nyeu1238,Nyeu,26,136
nyon1241,Nyong,22,1179
obol1243,Obolo,18,22
okuu1243,Oku,15,2019
olut1240,Oluta Popoluca,21,62
onge1236,Önge,12,159
orok1266,Oroko,12,386
orok1269,Orokaiva,7,201
osse1243,Ossetian,21,852
pagi1243,Pagibete,14,484
pala1344,Palauan,15,19
pana1305,Panamint,17,1040
paok1235,Pa'o Karen,17,955
pate1247,Patep,22,1111
peta1245,Petats,21,122
phai1238,Prai,24,677
phal1254,Phalura,25,2948
pila1245,Pilagá,11,119
poli1260,Polish,19,126
pwon1235,Pwo Northern Karen,33,1113
qima1242,Qimant,15,1205
quec1382,Quechan,23,36
rama1270,Rama,16,29
rund1242,Rundi,15,1271
saba1268,Sabanê,10,312
saki1248,Mekens,24,156
sala1272,Salasaca Highland Quichua,14,2483
samb1305,Samba Leko,17,912
samo1303,Samo,12,138
samr1245,Samre of Siem Reap,27,32
sanj1284,San Juan Guelavía Zapotec,32,1612
sanm1287,San Mateo del Mar Huave,14,5
sanu1240,Sanumá,17,121
sasa1249,Sasak,17,297
sata1237,Satawalese,23,0
sava1244,Savara,16,260
sayu1241,Sayula Popoluca,14,70
seco1241,Secoya,11,211
seim1238,Seimat,22,0
sela1259,Selaru,12,39
seme1247,Semelai,28,67
sera1259,Saraiki,51,121
seri1257,Seri,18,188
serr1255,Serrano,24,731
shab1252,Shabo,21,1683
shaw1249,Shawnee,11,313
shon1251,Shona,26,1216
siar1238,Siar-Lak,13,556
sida1246,Sidamo,19,1781
siks1238,Siksika,18,1232
sind1272,Sindhi,24,20
sipa1247,Sipacapense,17,2186
siss1243,Sissano,23,15
slov1268,Slovenian,26,1195
soch1239,Sochiapam Chinantec,24,682
sout2750,Southern Yukaghir,20,0
sout2840,Southern Bobo Madaré,26,321
sout2844,Southern Samo,14,276
sout2856,South Efate,11,236
sout2895,South Nuaulu,11,120
spok1245,Spokane,24,726
stan1289,Catalan,27,619
subi1246,Subiya,26,933
suri1267,Tirma-Chai,14,1104
surs1246,Sursurunga,12,813
swed1254,Swedish,26,27
tagw1240,Tagwana Senoufo,30,311
tami1289,Tamil,19,106
tana1290,Tanacross,27,0
taro1264,Seediq,27,1174
tata1257,Tatana,9,13
tatu1247,Tatuyo,11,219
tern1247,Ternate,12,1633
texi1237,Texistepec Popoluca,16,25
thul1246,Thulung,14,2514
tibe1272,Tibetan,16,5409
tilq1235,Tilquiapan Zapotec,15,1769
tinp1237,Tinputz,20,181
tiwi1244,Tiwi,10,74
tlac1235,Tlachichilco Tepehua,19,323
toba1269,Toba,15,139
tokp1240,Tok Pisin,17,197
tolo1259,Tolowa-Chetco,15,81
tong1325,Tonga (Tonga Islands),10,16
torw1241,Torwali,25,4139
tote1238,Totela,30,1063
tsha1245,Tshangla,15,1920
tsuv1239,Tsuvadi,28,257
tuka1248,Tukang Besi North,10,137
tuvi1240,Tuvinian,26,613
tzot1259,Tzotzil,12,997
tzut1248,Tz'utujil,17,2101
ukra1253,Ukrainian,18,1349
ulwa1239,Ulwa,16,9
urii1240,Uri,13,1275
usar1243,Usarufa,10,1982
utes1238,Ute-Southern Paiute,27,1842
vaii1241,Vai,19,17
wamb1259,Wambon,17,79
wari1268,Wari',10,153
wash1253,Washo,15,1925
waya1269,Wayana,11,182
west2441,Western Arrarnta,11,621
west2560,West Coast Bajau,11,12
woge1237,Wogeo,11,239
yalu1240,Yalunka,22,490
yape1248,Yapese,30,37
yawa1260,Yawanawa,11,261
yekh1238,Yekhee,18,296
yeyi1239,Yeyi,33,948
yill1241,Yil,16,818
yine1238,Yine,18,355
yuch1247,Yuchi,26,247
yuki1243,Yuki,16,681
yura1255,Yuracaré,14,209
yuro1248,Yurok,22,756
zaiw1241,Zaiwa,15,1978
zoog1238,Zoogocho Zapotec,47,2507
